index,n_estimators,max_depth,min_samples_leaf,max_features,f1_up_mean,f1_up_std,precision_up_mean,recall_up_mean,seconds
1,80,4,100,0.6,0.4488856203235546,0.047283547262436734,0.4195017695608526,0.4946584246146287,46.3
2,80,4,100,0.4,0.44868818790959714,0.04745520652180473,0.4204764940841882,0.4932077815762848,36.36
3,80,4,100,0.5,0.4482514048056229,0.048779932652400375,0.42044827434908927,0.4928489540499452,40.26
4,80,4,100,sqrt,0.44823091093924416,0.05078289806312362,0.42088914287705803,0.4921234077854281,22.31
5,80,4,100,log2,0.44823091093924416,0.05078289806312362,0.42088914287705803,0.4921234077854281,22.46
6,80,4,100,0.7,0.4490082309344907,0.046910866006207655,0.41809941930936423,0.4962457358349773,59.59
7,80,4,100,0.3,0.44601675294213117,0.04994017417649835,0.42165927675418047,0.486265153943059,29.24
8,100,4,100,0.4,0.44876920886882,0.04769715453039838,0.4205866833200429,0.49358153372234737,52.63
9,80,4,80,0.6,0.44923634077991936,0.0469615461739263,0.4193965811054542,0.4954158540215028,53.45
10,80,5,100,0.5,0.45041874331807596,0.04696726196187653,0.4225654809629594,0.4943344631006853,51.05
11,80,4,80,0.7,0.44927909165278707,0.04723218309887195,0.4181429657475778,0.4968725749213555,54.55
12,80,4,80,0.3,0.44689901578427504,0.04980353040778898,0.4216731032141447,0.4882844162399961,26.62
13,80,4,80,0.4,0.4490740212218302,0.0477980498799913,0.4206061398167276,0.49412233774132985,35.47
14,80,5,100,0.4,0.4502510508978821,0.04764846037565219,0.4220500197063644,0.4947490296796958,43.0
15,100,4,100,0.6,0.44850850574358675,0.0470856840579735,0.41933260553051477,0.49364767891628425,69.07
16,80,4,80,sqrt,0.44809520426348814,0.050311530952439946,0.42116467167804544,0.49118679916249397,27.95
17,100,4,100,sqrt,0.447963201112053,0.05114109342255891,0.42148516989343465,0.4912775655358971,31.42
18,80,5,100,sqrt,0.44834767741948245,0.05025922089843708,0.4219510242568508,0.4905924613571053,30.28
19,100,4,100,0.7,0.4491056101571522,0.04716402904328254,0.41804279106858394,0.49668370331002853,87.04
20,100,4,100,0.5,0.4480911827312397,0.04852607576241672,0.4193344640681075,0.4936191869376191,62.81
21,80,5,100,0.6,0.45100809380673335,0.047093292250062514,0.4211300480527685,0.4971764214310393,88.72
22,100,4,100,0.3,0.44759367980227854,0.04953275952315414,0.42165219396094455,0.48971595918822325,41.4
23,80,4,80,log2,0.44809520426348814,0.050311530952439946,0.42116467167804544,0.49118679916249397,24.89
24,80,5,100,0.3,0.44949674402028916,0.05025171535136733,0.42275886566189075,0.4928709741225322,34.28
25,100,4,100,log2,0.447963201112053,0.05114109342255891,0.42148516989343465,0.4912775655358971,33.82
26,80,5,100,0.7,0.4516137360068037,0.045941089215527434,0.4215780761977429,0.4978563854166169,77.99
27,80,5,100,log2,0.44834767741948245,0.05025922089843708,0.4219510242568508,0.4905924613571053,36.03
28,80,4,80,0.5,0.44818308318097166,0.04855689350798754,0.4204095839377038,0.49264775394818017,47.9
29,120,4,100,0.6,0.44839114543765046,0.04719467433513096,0.4190262569238444,0.49387473779880164,79.55
30,120,4,100,0.5,0.4482436934786909,0.04840902492256979,0.4197972076191439,0.4934302437934016,64.11
31,80,6,100,sqrt,0.45196940120712925,0.04840577043740333,0.42402435480879347,0.4952471342958093,30.91
32,120,4,100,0.7,0.44959593724514824,0.04792704012605484,0.41810158582281653,0.4980755422646424,86.11
33,80,6,100,0.3,0.45178934503712986,0.047756372680110695,0.4242683477140801,0.49467755691920423,42.26
34,80,6,100,0.7,0.4515931217257821,0.04543592364199204,0.4248977214628244,0.4923000442321346,97.23
35,80,6,100,log2,0.45196940120712925,0.04840577043740333,0.42402435480879347,0.4952471342958093,34.82
36,80,6,100,0.6,0.4518203000464177,0.04600945593987951,0.42505880201390045,0.49307053662997713,78.14
37,80,6,100,0.4,0.452250837243578,0.04492505999582054,0.4250676949382418,0.4941487277481465,62.05
38,80,6,100,0.5,0.45247999899368985,0.04526072058301169,0.4251352501659163,0.4944925701080628,77.5
39,120,4,100,0.3,0.4484396134313182,0.049356213390866585,0.42178625296788175,0.491305716534605,49.55
40,120,4,100,log2,0.4487250146502948,0.05107982586524572,0.42167401314938857,0.4928783493185816,37.96
41,120,4,100,0.4,0.4488796211943515,0.04835525904571054,0.4210792617249595,0.4934313035873604,58.26
42,120,4,100,sqrt,0.4487250146502948,0.05107982586524572,0.42167401314938857,0.4928783493185816,35.97
43,80,4,65,sqrt,0.44796826459787464,0.05010003397360145,0.421070244375215,0.49081082877293347,24.59
44,80,4,65,0.6,0.4489168069021094,0.0467348779608671,0.4193776873577669,0.4946589139351702,54.38
45,80,4,65,0.3,0.44679059925263404,0.04965782965721728,0.42183808894515745,0.4877402464223931,29.4
46,80,4,65,log2,0.44796826459787464,0.05010003397360145,0.421070244375215,0.49081082877293347,25.07
47,80,4,65,0.5,0.44809505313260256,0.04886156970897021,0.4203152741864592,0.49267573434726897,44.65
48,80,4,65,0.7,0.4492365065871674,0.04733178500285845,0.41804286127693,0.4969909688429398,60.26
49,80,4,65,0.4,0.44878885610813557,0.04777637476953333,0.42050496521903014,0.4936314535779025,40.18
50,100,4,80,sqrt,0.4471574085510803,0.05084387113110644,0.4213466110205588,0.48917787686604414,36.93
51,80,5,80,0.6,0.451230851223783,0.04689026336430622,0.4211190052584408,0.4977517124891449,71.11
52,100,4,80,log2,0.4471574085510803,0.05084387113110644,0.4213466110205588,0.48917787686604414,30.77
53,100,5,100,0.3,0.4499524564041294,0.050312601004633625,0.4230594441590922,0.49353136615936943,42.63
54,80,5,80,log2,0.44879813879435326,0.05050205947719443,0.42235112967672317,0.49111606982689404,28.83
55,80,5,80,0.7,0.45143776756537635,0.04617004233491487,0.42146167624408826,0.49779506743173874,73.35
56,100,5,100,0.7,0.45130219974142544,0.046206829363400224,0.4211313569372416,0.49780086389334083,93.04
57,100,5,100,0.4,0.45034056336186745,0.047724627646439456,0.42195528893583123,0.4950229947955348,57.92
58,80,5,80,0.5,0.4497342891522962,0.04727943320075004,0.42246660343853437,0.4930451217178978,53.38
59,100,4,80,0.4,0.4493731657474139,0.04827322150538589,0.4209315261643266,0.49482052023186707,48.53
60,100,4,80,0.5,0.44824851180028336,0.048425777322098525,0.4195247407085124,0.4937317536107404,54.96
61,100,5,100,0.6,0.45114174826335096,0.04696032267807051,0.42126912072483036,0.4973205789291953,83.97
62,100,5,100,log2,0.449962971493757,0.049143619666042644,0.42251324837649784,0.49331056492394804,39.49
63,80,5,80,0.3,0.4498070770573829,0.050056645916017994,0.4218922888031081,0.4943418869652615,32.95
64,100,5,100,0.5,0.4506611464305509,0.04657470453073179,0.4223684730304077,0.4948180200553011,61.93
65,80,5,80,sqrt,0.44879813879435326,0.05050205947719443,0.42235112967672317,0.49111606982689404,27.79
66,100,4,80,0.6,0.44859822145186373,0.046945815012787294,0.41923623838960866,0.49375053177771655,63.61
67,100,4,80,0.7,0.4492916301131652,0.04735760281714317,0.41811156362521806,0.49701765004047527,69.24
68,100,5,100,sqrt,0.449962971493757,0.049143619666042644,0.42251324837649784,0.49331056492394804,34.05
69,80,5,80,0.4,0.45058045814362363,0.047961517127350674,0.42238828981730603,0.495028396166472,43.3
70,100,4,80,0.3,0.44876160687786826,0.04937285763815845,0.4216125366927276,0.4924140728180573,34.93
71,80,7,100,0.6,0.45322878979753006,0.041996802483721576,0.4261036819087374,0.49237379453479624,81.61
72,80,7,100,0.4,0.45255795699630796,0.04397002105394716,0.4265457586400833,0.4916151835406833,57.18
73,80,7,100,0.3,0.45372965052768616,0.04411661301175381,0.42455365883029417,0.49679298270782474,41.4
74,80,7,100,0.5,0.45341615500820465,0.04344832649699406,0.4263568570486308,0.4936827892954013,65.32
75,80,7,100,log2,0.452040515474933,0.04412870909620905,0.4244832167546093,0.4922068265624878,33.7
76,80,7,100,sqrt,0.452040515474933,0.04412870909620905,0.4244832167546093,0.4922068265624878,33.87
77,80,7,100,0.7,0.45295119524645616,0.04129396413724289,0.42570928212993364,0.49183672402459705,90.25
78,100,6,100,0.6,0.4516676051873403,0.045563799221543244,0.4248364590992595,0.4929991601488175,91.2
79,150,4,100,0.3,0.4481093536499232,0.04877215520989373,0.421027711486047,0.4912130847753491,50.86
80,150,4,100,0.6,0.44890217157233875,0.046630357532153575,0.41887336784119034,0.4950315260132639,93.12
81,80,6,80,0.3,0.45131325974927783,0.04790984353963355,0.42436560934382683,0.49362073046242694,36.67
82,80,6,80,0.6,0.4517566359400228,0.044811530733398455,0.4245042897043391,0.49339904389479655,71.87
83,80,6,80,sqrt,0.45177574505791124,0.04739005909426733,0.42341258009155897,0.49450250828889486,30.48
84,100,6,100,sqrt,0.4527944836811926,0.0476890177207552,0.4237980930176189,0.4968820076718714,38.15
85,120,4,80,0.3,0.4493710129513877,0.049402889971259724,0.421815827221162,0.4933849659415829,41.25
86,120,5,100,0.5,0.45120916691150087,0.04682958381004402,0.4222604119363963,0.4963817561230409,73.45
87,150,4,100,0.4,0.448937566088631,0.048157280837165854,0.4205145641575072,0.49397901838475666,68.92
88,80,6,80,log2,0.45177574505791124,0.04739005909426733,0.42341258009155897,0.49450250828889486,32.25
89,120,4,80,log2,0.44799264118534765,0.05067976391675198,0.4215873592940885,0.49091052319130746,36.2
90,120,4,80,0.7,0.44974183776965565,0.04815100088654974,0.4180538639656219,0.4985353699623283,83.9
91,100,6,100,0.5,0.4523138107448319,0.04581326212697382,0.4251107645958928,0.49441559436514915,71.47
92,150,4,100,sqrt,0.44801248516739667,0.050450333012991705,0.42112093075327167,0.49142521857112803,43.64
93,120,5,100,sqrt,0.4501082932765156,0.049052040050207864,0.4225625996733881,0.49349870103786636,40.04
94,120,5,100,0.4,0.45089698120582755,0.047987287078861546,0.42203781889947767,0.49616345657915045,64.15
95,100,6,100,0.7,0.45166432721127386,0.045330406754492014,0.424696700755354,0.492898798092663,98.57
96,120,5,100,0.7,0.45127184244852614,0.04641185846491354,0.4213630748230216,0.49744683890830393,99.36
97,100,6,100,0.4,0.45235174256090743,0.04534657830572963,0.425243746392154,0.49425397738322696,66.59
98,120,5,100,0.3,0.4493150968235053,0.05035741542659539,0.4226505906690427,0.4924872094107637,52.4
99,80,6,80,0.7,0.4509366623281414,0.04509702444681219,0.42515577109883973,0.49048101755202433,90.14
100,120,5,100,log2,0.4501082932765156,0.049052040050207864,0.4225625996733881,0.49349870103786636,41.0
101,80,6,80,0.4,0.45212928008162273,0.044589630065463584,0.42509967996439124,0.49367537464642625,51.23
102,100,6,100,0.3,0.45158186048812327,0.047943980997047005,0.42431587700569506,0.49424229130468256,46.96
103,150,4,100,0.7,0.449549453337822,0.047477885770955235,0.41772777635129305,0.49825455941441604,108.09
104,120,4,80,0.5,0.44830892419031754,0.048423838878214526,0.4198342772639204,0.4935389297729376,59.39
105,120,4,80,0.4,0.44933846655859294,0.04896602831458589,0.42115787831067664,0.4946973639762734,52.14
106,80,6,80,0.5,0.4530401755845455,0.04533513057844975,0.4254313938736295,0.49532542781859074,54.66
107,120,4,80,sqrt,0.44799264118534765,0.05067976391675198,0.4215873592940885,0.49091052319130746,34.43
108,120,5,100,0.6,0.4519650235309869,0.046513982031143646,0.42129113044797456,0.49909815226133986,83.76
109,120,4,80,0.6,0.44860746316133043,0.047217037989326714,0.4189731558992795,0.49433912286202164,69.92
110,150,4,100,0.5,0.4488833725158021,0.04867934058318106,0.4200844652855939,0.49464505010563276,72.12
111,100,6,100,log2,0.4527944836811926,0.0476890177207552,0.4237980930176189,0.4968820076718714,37.28
112,150,4,100,log2,0.44801248516739667,0.050450333012991705,0.42112093075327167,0.49142521857112803,42.45
113,80,5,65,sqrt,0.44942786884872,0.05020234231959487,0.42230793530078037,0.49281016564753044,26.85
114,100,4,65,0.7,0.44926683667789263,0.04745619421244536,0.41802933388237984,0.49713758168322614,65.35
115,80,5,65,0.4,0.4511464319774574,0.04749022295700857,0.4226804745111606,0.49606921847003294,42.05
116,80,5,65,0.7,0.4518361168650225,0.046283639104754845,0.4215749631158367,0.49868074288161707,63.67
117,100,4,65,sqrt,0.4467942341727541,0.05055133554941088,0.42148489834623293,0.4878534242028909,28.99
118,80,5,65,0.6,0.451433247646244,0.04675059030942103,0.4214883594999647,0.4975996350253643,58.3
119,100,4,65,log2,0.4467942341727541,0.05055133554941088,0.42148489834623293,0.4878534242028909,29.64
120,100,4,65,0.3,0.4484201298291094,0.04920294989582336,0.4214579528727356,0.49168648911933666,34.54
121,80,5,65,0.3,0.4499954615820775,0.050036316630084045,0.4221337031755226,0.49457593576695985,32.27
122,80,5,65,log2,0.44942786884872,0.05020234231959487,0.42230793530078037,0.49281016564753044,26.63
123,80,5,65,0.5,0.4500350033018162,0.047290564727259,0.42241550563108543,0.4934103095112114,47.09
124,100,4,65,0.5,0.4481192193057829,0.04874125668854119,0.4194014058832044,0.4936825162371045,49.88
125,100,4,65,0.4,0.44932814548613537,0.04813740877108033,0.4209675462773824,0.4947010294654578,44.7
126,100,4,65,0.6,0.44859640408935364,0.046968288126442506,0.419124731282141,0.4941112513904775,59.79
127,100,5,80,0.5,0.45015985130007075,0.0468538485187493,0.4224111320487053,0.49391289681813255,57.99
128,100,5,80,sqrt,0.45012322509860053,0.04970505584544082,0.42269767851123535,0.493595533558271,33.28
129,100,5,80,0.6,0.4512001903190505,0.047046603610570524,0.42135461432503796,0.4973891453121597,72.58
130,100,5,80,0.3,0.4493764972889858,0.04967510448280264,0.4224982917369372,0.4925917758709427,39.39
131,100,5,80,0.4,0.4506235899828335,0.04797684875834966,0.4221814577717781,0.4954103753279413,52.67
132,100,5,80,0.7,0.45121205024465727,0.046476901802547925,0.42126186811058747,0.49769718688066045,77.62
133,100,5,80,log2,0.45012322509860053,0.04970505584544082,0.42269767851123535,0.493595533558271,33.16
134,80,8,100,0.5,0.4551104243938722,0.04173427926692112,0.42752551509717146,0.49433627721009604,67.22
135,80,4,50,sqrt,0.44787814807312154,0.05034134654457105,0.4213224596137956,0.49052236762686396,24.23
136,80,8,100,0.3,0.45372132502295626,0.04371019236393366,0.4270245336784031,0.4926253166050891,44.09
137,80,4,50,log2,0.44787814807312154,0.05034134654457105,0.4213224596137956,0.49052236762686396,23.61
138,80,4,50,0.7,0.4495190141986102,0.04755069644444914,0.4180832978513628,0.4975854682891562,52.49
139,80,4,50,0.6,0.44903271627888747,0.046830026003053644,0.4194710938252877,0.4948208487788818,48.46
140,80,8,100,log2,0.4548320896707426,0.04310356400218906,0.42650565722898054,0.49570259075263,36.04
141,80,4,50,0.5,0.448184923317499,0.04863981665523831,0.42025261188242535,0.49286747478792997,40.2
142,80,8,100,0.4,0.45511367707177797,0.04102366691309964,0.42701340332243837,0.49499516016560063,62.41
143,80,4,50,0.4,0.44894512211512116,0.04759078741714516,0.4204689084631351,0.49400613387611403,37.39
144,80,4,50,0.3,0.4476493356640171,0.04933043955085127,0.42164829136950044,0.4897251497688244,27.68
145,80,8,100,0.7,0.45465554999866437,0.038656951512853394,0.42625883949209775,0.49364818911780706,92.71
146,80,8,100,sqrt,0.4548320896707426,0.04310356400218906,0.42650565722898054,0.49570259075263,36.16
147,80,8,100,0.6,0.45508107826684335,0.03892234683224098,0.42659210195611746,0.49431295072602105,83.54
148,80,7,80,sqrt,0.4540147313850281,0.04442618582689837,0.4249018299073028,0.4964676877620347,33.0
149,100,7,100,log2,0.4525510552523936,0.043980725914550295,0.42458854068966956,0.49306749497333496,41.33
150,80,7,80,log2,0.4540147313850281,0.04442618582689837,0.4249018299073028,0.4964676877620347,33.25
151,80,7,80,0.4,0.4526625087994113,0.04495963685304997,0.4267077528576543,0.49174898000581513,54.34
152,80,7,80,0.6,0.45361932061288845,0.041087734049193296,0.42556709530854187,0.49351118946904726,76.32
153,80,7,80,0.3,0.45369498970762806,0.04474715659654306,0.4251228126637341,0.4959844206657748,40.48
154,100,7,100,0.5,0.45398391812711053,0.04272224897533006,0.42680042982558497,0.49437747821269956,77.1
155,80,7,80,0.5,0.45409994335262915,0.04287607487527589,0.4265077857539875,0.4949883972717686,61.87
156,100,7,100,0.4,0.4528667823252638,0.0439849022224733,0.42646531250176417,0.492536908907902,68.67
157,100,7,100,0.6,0.4532294338285895,0.04161699892831103,0.4262148434322263,0.49224692883136456,95.48
158,100,7,100,0.3,0.45367104378357154,0.04460789054334894,0.4248124483282923,0.4964981925706873,50.16
159,100,7,100,0.7,0.4527810256610274,0.041162056126218004,0.42573371357815937,0.49133866110965635,102.99
160,100,7,100,sqrt,0.4525510552523936,0.043980725914550295,0.42458854068966956,0.49306749497333496,41.23
161,80,7,80,0.7,0.45320947207937845,0.04212361381524197,0.4260949916862078,0.4925010104112463,82.89
162,80,9,100,0.7,0.45442875185286125,0.037841125449968135,0.4258007846704409,0.49281122247101017,100.63
163,180,4,100,0.5,0.4490489701908541,0.04800734565983237,0.42012540097259016,0.49459017714839104,86.9
164,120,6,100,0.3,0.45154318340096616,0.047884096652276026,0.4241710484127177,0.49417655385190545,52.63
165,80,9,100,0.3,0.45387093036098153,0.041167816403761284,0.42697807500837576,0.49168215791144887,48.09
166,180,4,100,0.6,0.4488117339879925,0.04655713879130299,0.4188521940084823,0.4947908984103531,104.16
167,180,4,100,log2,0.4474225874573217,0.050599891828903315,0.4213716440239107,0.4897887037115888,51.2
168,80,9,100,0.4,0.4538155399049975,0.04031705244485567,0.4275125250389304,0.49050351733377695,65.14
169,120,6,100,0.5,0.45289073413517433,0.04565764541199495,0.4252832887432948,0.49554261809259775,78.15
170,180,4,100,sqrt,0.4474225874573217,0.050599891828903315,0.4213716440239107,0.4897887037115888,51.09
171,120,6,100,0.6,0.4517704380854296,0.04523066671260449,0.42501393172993057,0.4929002261304364,96.27
172,120,6,100,sqrt,0.45333911142114564,0.04716267328989491,0.4237537527580025,0.4978088625272294,43.83
173,180,4,100,0.7,0.4497816054820215,0.04726702611486911,0.41778944101695625,0.49865368005236765,113.54
174,120,6,100,0.7,0.451783925539986,0.0453468929084286,0.42490366516196154,0.4928715346828465,105.99
175,80,9,100,sqrt,0.4545231396966495,0.04090569559670633,0.42675341542027495,0.4935776628172432,39.0
176,180,4,100,0.3,0.44863131371403425,0.04856258849674412,0.420869240883943,0.4925014991650937,59.67
177,80,9,100,0.6,0.4547178987424509,0.03844484206324627,0.42617743932736857,0.49334088248452207,91.84
178,80,9,100,log2,0.4545231396966495,0.04090569559670633,0.42675341542027495,0.4935776628172432,39.01
179,120,6,100,0.4,0.4524397691408753,0.045264310050122526,0.42498660141368927,0.494688615313872,70.17
180,180,4,100,0.4,0.44908137076809734,0.04827377717409048,0.42074805061453935,0.4940121872741571,79.28
181,120,6,100,log2,0.45333911142114564,0.04716267328989491,0.4237537527580025,0.4978088625272294,42.62
182,80,9,100,0.5,0.4549265882577463,0.03808475057376999,0.4270450291046107,0.49309200009893284,73.75
183,120,4,65,0.3,0.44920711609148506,0.049352439681473924,0.42174518085771756,0.49304134099240826,39.44
184,120,4,65,0.6,0.44872615173435537,0.04725832008741292,0.4189880564069486,0.49471280806209805,68.74
185,120,4,65,sqrt,0.4478043524705358,0.050525048208479084,0.4217985457043943,0.48994945009402235,36.46
